,Loss,Accuracy,Recall,AUC-ROC
Training,0.1574312299489975,0.9391472935676575,0.9905320405960083,0.9679125547409058
Validation,0.22221438586711884,0.9186046719551086,0.9889655113220215,0.9378441572189331
